No. of Estimators,RMSE,R2
1,13588787.481740132,0.14747738366198482
101,3682604.4326096172,0.93738842351949
201,3529432.5044719228,0.9424885578788894
301,3470386.2950242637,0.9443967553515481
401,3438769.6815445055,0.9454052761125062
501,3415565.869180944,0.9461395687978057
601,3397517.3661248,0.9467072825019188
701,3396633.3965274384,0.9467350104035013
801,3393069.6281693033,0.9468467236678318
901,3394780.6690847836,0.9467931023916231
1001,3403882.576119393,0.9465074088511045
