No. of Estimators,RMSE,R2
1,13633324.7216085,0.14364809342672846
101,3931604.502969947,0.9287822319807003
201,3793919.4509105836,0.9336829921257819
301,3715708.514332116,0.936389034667132
401,3661687.373818221,0.9382252159213552
501,3624734.4144644556,0.9394657601224153
601,3596368.382226464,0.9404094967930016
701,3570021.8843756933,0.9412794022603977
801,3547862.5777416416,0.942006103351829
901,3532909.2257885197,0.9424939326331176
1001,3514407.648366331,0.9430946653264188
