No. of Estimators,RMSE,R2
300,3729918.4926260696,0.9359546853096266
350,3732911.594945919,0.9358518567391885
400,3740537.0501299524,0.93558951009799
450,3742269.755038229,0.9355298233634974
500,3736113.605505499,0.9357417597695691
550,3737035.9564549834,0.9357100284192383
600,3737135.1883701035,0.9357066141081221
650,3742612.4772851323,0.9355180142866518
700,3750703.047786049,0.9352389258470619
750,3749842.0036440743,0.9352686566693609
800,3750760.545560897,0.9352369402746749
