No. of Estimators,RMSE,R2
1,13471362.934722967,0.14606173146106904
101,3765624.906200379,0.9332766998190399
201,3653479.8870804375,0.9371917280483114
301,3625429.3224588195,0.9381524800832686
401,3618483.8762298366,0.9383892228911201
501,3608920.1180096986,0.938714470657516
601,3611129.743156984,0.9386394013855913
701,3621729.853288772,0.9382786368691219
801,3627519.8704482056,0.9380811326786151
901,3628194.1869851314,0.9380581104494445
1001,3639394.034540485,0.9376751042294783
